sentiment,text,label
negative,Meh... Almost Lover is the exception... this track gets me depressed every time. ,positive
negative,"Why Kutner? I mean I knew something was going to happen to someone but it was so sad. I &lt;3 House and it was well done, but I'm still sad ",negative
negative,MY TWEETS ARENT GOING THROUGH ,neutral
negative,"@emilyruppe Well he said that he is a looser, and that is what the show implies ",neutral
negative,"Reeked of alcohol at the dentist this morning + was drunk when i put on my tshirt, realised it had a huge stain. Dentist looked disgusted ",neutral
negative,@nick_carter Come to the chat  just 15 minutes  please? http://fanclub.backstreetboys.com/chat.php,neutral
negative,I'm stuck awake in the middle of the night for the second day in a row. And I felt terrible yesterday. ,negative
negative,i don't like lukewarm showers ,neutral
negative,@Brodhe geez ur no fun are you ,neutral
negative,"Sittin here w/Kayla, I really really reallly dis-like having a brother.  He doesn't know when to stop. I'm waiting for the day when one of",neutral
negative,@Starrbby too bad I won't be around I lost my job and can't even pay my phone bill lmao aw shucks ,negative
negative,@ozesteph1992 Shame to hear this Stephan ,neutral
negative,"@sudam08  yes, someone hasn't been reading my posts properly  ",neutral
negative,Work laptop is officially dead .. Not happy at all.. ,positive
negative,KUTNERRRR!  WHY??? WHY??????  And to think that 13 is still on the show?? UGH. Kutner/Kal Penn - you've been the bright star in Ho ...,neutral
negative,My man crush Jake Peavy let me down  #gayforpeavy,neutral
negative,"wants her step brother home  im so worried, you dont even know. i hope he knows how much i care for him...",neutral
negative,@mandayyy   ,neutral
negative,@tomatosalsa hope you aren't referring to me  say hello to your new stalker LOL,neutral
negative,"Change of plans, we ordered Macs instead. Time to hit the books! ",neutral
negative,"Argh! I was suuuper sleepy an hour ago, now I'm wide awake.  Hope I don't stay up all night. :-/",neutral
negative,@PlayRadioPlay that was so sad and unexpected.  i totally cried haha.,negative
negative,@jennlopez I had to get an HD tivo and just got it set up tonight in order to get channels 40 - 59. ,neutral
negative,@tea oh! i'm so sorry  i didn't think about that before retweeting.,neutral
negative,@featherinair call me back. ,neutral
negative,@Kenichan I dived many times for the ball. Managed to save 50%  The rest go out of bounds,neutral
negative,@sasii I know exactly how you feel! ,neutral
negative,@maddyVA Thanks a lot. Learned a lot of new words but didn't find what I was looking for. ,neutral
negative,C'mon sean man ,neutral
negative,@JonathanRKnight aw ok goonite....  ,neutral
negative,@amber_benson  my hubby (for some reason) thinks it's more important he has a good spot for red carpet for the Trek Movie Premiere. Sod!,positive
negative,@dweeman why aren't you a happy camper? ,positive
negative,i Love my atekinzz so much. &amp;&amp; i soo miss her.. ,positive
negative,I'm in one of those days when I really just want to work from home.  Crap. ,neutral
negative,@julieebaby awe i love you too!!!! 1 am here  i miss you,positive
negative,@alielayus I want to go to promote GEAR AND GROOVE but unfornately no ride there  I may b going to the one in Anaheim in May though,neutral
negative,@charlietm I know right. I dunno what is going on with twitter. ,neutral
negative,"A king sized bed is nice but sad and lonely with no hubby, puppy, or kitty   I am over this whole conferenceing thing.",negative
negative,spencer is not a good guy. ,positive
negative,michigan state you make me sad ,negative
negative,my whole body feels itchy and like its on fire ,neutral
negative,@cheechbud i think ur right!! hahaha!! 4.5 hrs now!! ,neutral
negative,@Miss_Sil no i was half asleep and turned off the laptop after that ,neutral
negative,need to sleep. but cant ,neutral
negative,"@austinhill I wish I was!  Sold out   If you have some time let me know, I would love to hear more about what you are up to!",positive
negative,@marykatherine_q i know! I heard it this afternoon and wondered the same thing. Moscow is so behind the times ,neutral
negative,@anistorm ,neutral
negative,No new csi tonight.  FML,neutral
negative,Damn... I don't have any chalk! MY CHALKBOARD IS USELESS ,neutral
negative,"FML: So much for seniority, bc of technological ineptness, I now have to &quot;register&quot; for classes AGAIN ",neutral
negative,missin' the boo ,neutral
negative,"@cloudpimps d'oh! At least you're getting a decent exchange rate at the moment, sterling is still getting flogged ",neutral
negative,Sliced my finger ,neutral
negative,Sodding M25   http://twitpic.com/2y3y0,neutral
negative,@danadearmond ,neutral
negative,walking home from school drains all my energy ,neutral
negative,Seems jRuby support for hpricot is now two versions behind ,neutral
negative,@astewart87 oh my gosh that made me emotional haha idk why!!! i dont want to get old ,neutral
negative,@michaeltao man america is so .. borez anyway lol i just realized you sent me msgs on here. i had no idea. i have no flash ,neutral
negative,@Kwesidei not the whole crew ,neutral
negative,is going to have a late one at MQU today ,neutral
negative,stuck at home ,neutral
negative,"hey, I actually won one of my bracket pools! Too bad it wasn't the one for money ",negative
negative,gr8t my face is very itchy ,neutral
negative,homework.... ,neutral
negative,"@Steve_Buscemi SHUT UP you...I am hungry! And in Britain, home of the most boring suckassy breakfast in the world!  I MISS DENNYS!!",neutral
negative,My stress always culminates with physical pain.  ,neutral
negative,@duchess_rebecca Man... intervention is soo sad ,negative
negative,has hurt her ankle!! and is going to the dr ,neutral
negative,HELP! I need a new boyfriend... I'm stuck in a rut ,neutral
negative,"atekinzz, where in the world are you?? ",neutral
negative,Hanging in Crooners. Wanna sing. Can't. Sucks. ,neutral
negative,"so far i have 311 veiws on all my sites put together,  most of them were me checking out the updates i made......",neutral
negative,New video card is DOA. ,neutral
negative,anyone else having problems accessing TTB??? I cant get on!!! ,neutral
negative,@twittera que me muera ? ,neutral
negative,wanttss to go out ,neutral
negative,@greggrunberg hey you said matt was gonna go all ballistic... i was disappointed  good ep tho mostly,positive
negative,"@statravelAU just got ur newsletter, those fares really are unbelievable, shame I already booked and paid for mine ",neutral
negative,@heidimontag I wish we would get it the same time at the rest of world. unfornately I am in Cairo and have to wait for mtva to play it ,neutral
negative,[-O] I wish the frogs weren't becoming extinct    http://tinyurl.com/cxe8w7,neutral
negative,"Debating if I should just shower now, so I can sleep a little later tomorrow ",neutral
negative,bad day at the betfair office ,negative
negative,"@LevenRambin: Take it easy, and be good to you. ",positive
negative,Kind of longs for the bus that shows up at the end of Ghost World right now. Ugh. ,neutral
negative,@josephheustess ...well there was this really cool part where... i wont spoil it ,neutral
negative,Scratch that: du in heif (two in a half) cookies. My tum just can't take anymore shoog. Poots ,neutral
negative,I'm so upset that I missed my chat and quiz online because my free internet has ceased ,neutral
negative,What tragedy and disaster in the news this week ,neutral
negative,"@M4RKM  You stuck in traffic then? My journey was traffic free this morning, if it's any help.",neutral
negative,omg exams killed me  how could i not know the difference between haif a circle and a hemisphere &lt;/3 &gt;,neutral
negative,It's so cruel having to wait for reviews to come in.  So far it looks like Star Trek will be the best film of the year!,neutral
negative,@cleders sorry...i was rooting for them too... ,neutral
negative,"My bathtub drain is fired: it haz 1 job 2 do, &amp; it iz FAIL. I got all Drano on its ass, &amp; iz STILL NOT DRAINING. I wanna shower, dangit!! ",neutral
negative,"DANG!!! ANOTHER SPRING BREAK!!!  HOW COOL IS THAT???  TOO BAD I HAVE TO WORK ALL WEEK  OH WELL, MORE MONEY FOR A PHONE.  ttyl EVERBODY!!!",negative
negative,"@Appomattox_News Thank you! However, I hate to be on the same list that includes 2 convicts.  ",negative
negative,@bengottlieb Great idea with the iTunes promo codes - they don't work in the UK iTunes store though ,positive
negative,My Pookie has a UTI.  I have to be Nurse Gabbie and get him back to 100%!!! No more sodas!!!!!!!!!!!!!!,neutral
negative,"@LOLTrish hey  long time no see! Yes.. Rains a bit ,only a bit  LOL , I'm fine thanks , how's you ?",neutral
negative,Man Work is Hard ,neutral
negative,Oh no my computer sucks. I don't think i'll be able to listen to the Xbox 360 Fancast tonite ,neutral
negative,Uh oh... I think I am getting sick ,neutral
negative,I wanna sneak into the zoo and play with the kitties ,neutral
negative,yea it is so quiet around here cuz everyone has to work im bored to death with nobody to talk to ,neutral
negative,Back to work. I get to spend the next 8 hours alone in the dispatch room ,neutral
negative,Greaaat my lappy won't turn on  wtffffff,neutral
negative,omg. my mouth is in so much pain  i just wanna sleep untill its time to take my braces off.,neutral
negative,@paul_e_wog Wait...is it a game or just episodes? I'm so confused. ,neutral
negative,@MajesticFlame ouch - sounds very sucky ,neutral
negative,@JonathanRKnight Good Knight hun! Looking forward to ur tweets again! Hate that i keep missing out on the fun cuz of the time difference ,positive
negative,Im in the mood for some chocolate. I want..... Miniature Reeses cups. Now ,neutral
negative,@HumanOpium pretty much just scary for me ,neutral
negative,doesn't enjoy learning CSS. ,neutral
negative,"@daNanner aw, sorry to hear that. ",neutral
negative,"Dammit, episode 3 of Kings won't play for some reason  stopped in the middle now won't do anything",neutral
negative,@KevChoice I just don't get it. What in a persons mind could even have them on some ish like this???  My prayers are with her fam for real,neutral
negative,yes yes still trying to find a picture that will upload correclty.. ,neutral
negative,New Testament Test at 9:30 am   ,neutral
negative,North carolina baby!! Aint nothin stopping them but the nba draft ,neutral
negative,@GuruMN but this is canada  canada is weird. we're supposed to get snow through wednesday. ugh.,neutral
negative,wonders why someone that u like so much can make you so unhappy in a split seccond . depressed . ,positive
negative,Going to sleep. Hoping tomorrow is a better day. ,neutral
negative,@karenucol ah! I bet it does I've been like craving to play softball or basketball !!! But I have noo time ,neutral
negative,"This earthquake in italy has me sadden.  it's only three hours away from naples, where my family is ",negative
negative,@stephenkruiser i so sorry for your loss. my brother dog sam is sick w/cushings disease. ,neutral
negative,Just lost $160 ,neutral
negative,@rcompo RACHEL! hang outage is neccessary - i was gonna be home this wekend but dumb folk make me work   so im free F and Sat until 4...,neutral
negative,"Our sweet little man just fell asleep while waiting up for daddy and big brother to get home!  Poor baby, he missed them so much today!",neutral
negative,"@tim_grainger nah, I haven't received my stimulus yet ",neutral
negative,almost bedtime ,neutral
negative,@enterbelladonna i dunno how to use the forum and i get frustrated with it. i'll miss talking to you on here. ,neutral
negative,playing game at home! my new boss didn't call me yet... ,neutral
negative,@Torturedlady yea  ma'naaaaaaaaaaaaaaaaaaaam (marwan accent) lol,neutral
negative,"i should be sleeping, i have a stressed out week coming to me. ",neutral
negative,"@switchfoot http://twitpic.com/2y1zl - Awww, that's a bummer.  You shoulda got David Carr of Third Day to do it. ;D",neutral
negative,Michigan who?  I don't know them.                   *sigh*   Shameful!,neutral
negative,@thestar_rage I want one too    is the branch in MidV open too?,neutral
negative,@hert Jesus Camp? Yeah... ,neutral
negative,@chauncey78 hey did u talk to mom.. r they home yet? i hope they r ok.. wish i was coming home 4 easter.. ,neutral
negative,"Good morning! Ready 2 go, but I want 2 go back 2 bed ",positive
negative,@margaretcho what happened to your show it was the hightlight of my life ,neutral
negative,"@ellievolia If oooonly we were really so lucky, eh? And awh  Definitely too early for work.",neutral
negative,Grrr.. my ipods acting weird too! Jai ho and thinking of you aren't playing the full songs.. ughh. ,neutral
negative,@allyheman but.. but.. but.. I'm not a big fan on camilla belle ,neutral
negative,@bananaface IM SORRY I GOT YOU SICK.  lol. going to bed too. NIGHT!,neutral
negative,@SupaMagg that happened to me saturday night. along with my glittery green lighter! ,neutral
negative,"@ewarden, you may have to email this one to me  I hope you feel better.",neutral
negative,is craving for some tantan nabe  http://plurk.com/p/mzxcs,neutral
negative,@Hollywoodheat I should have paid more attention when we covered photoshop in my webpage design class in undergrad ,neutral
negative,@BillyBush she admitted to being a fake  ,neutral
negative,Check out my mug  http://www.erika-obscura.blogspot.com,neutral
negative,@DiannePulham OOOOOOOO who with? (im not neither but thats because i need to study  ),neutral
negative,oh I thought the pirate bay trial verdict was today :-s apparently it's in 10 days ,neutral
negative,"@Lt_Algonquin agreed, I saw the failwhale allllll day today. ",neutral
negative,I'm afraid I had bad code. ,negative
negative,Hoping the tummy rumbles go away soon ,neutral
negative,@jokerrrr It stillllll hasn't arrived ,neutral
negative,"@treesahquiche okay, about the applepears, I've talked to a few people and they've ALL had them before. No one ever told me, never ",neutral
negative,I wish I was better at writing. It's taking me so long to write this paper. ,neutral
negative,laid around too much today... now my head hurts ,neutral
negative,gotta do my cooking assignment  its too hard,neutral
negative,Evicted ,neutral
negative,Agh...snow!!! ,neutral
negative,can't believe it! I'm in disbelief of it all in a way really. How much can I take from people and always get hurt by others!! ,neutral
negative,@pinkserendipity yes sprint has 4g only in baltimore and chicago so far ,neutral
negative,ooooh.... LOL  that leslie.... and ok I won't do it again so leslie won't  get mad again ,neutral
negative,are you vaccinated against chicken-pox?should I vaccinate my 3 yr old?I am SO confused about this damn thing ,neutral
negative,"@goodlaura What about Reese dying on #TTSC? And season finale next week.  #24 boring, Madame President is a crazy woman.",positive
negative,RIP Sandra....its so sad    how can someone do something like that??,negative
negative,"@MonaSmith sadly, yes. i think i need counciling now ",negative
negative,@naughtyhaughty I had on my page for sooooo long!!! Until it got deleted  Sad day in history,negative
negative,@georgeruiz Unfortunately one of those moments wasn't a giant squid monster. ,neutral
negative,sadly is going to bed. ,negative
negative,@penndbad send me the DVD cos I have missed out on heaps  NOT happy about that!,positive
negative,Need a hug ,neutral
negative,UpdatingFFE.  That gives me nothing to do for a good twenty minutes!,positive
negative,This is the best leather sofa in the world!  It's in the office though which means I'm still here working ,neutral
negative,"Gym attire today was: Puma singlet, Adidas shorts.......and black business socks and leather shoes  Lucky did not run into any cute girls.",neutral
negative,"@Sephystryx I've been looking about for good stuff to write, but also been doing loads of uni work ",positive
negative,What? Apparently it's 52 degress at 11pm in Washington State. I miss winter already ,neutral
negative,"im lonely  keep me company! 22 female, california",neutral
negative,@twista202 I still haven't read the 9th&amp;10th Princess diaries  Saving Francesca made me cry at the end. Hmm those are easy books.,neutral
negative,I hate when software update downloads updates without telling me. I never know what's downloading when it is ,negative
negative,@ircmaxell - I think I need to find better anti-depressants.  I think this Paxil/Wellbutrin combo is losing its efficacy.  ,neutral
negative,@David_Henrie *thats people mag haha i couldnt fit it all in.. i dont think those pictures ever made it in the magazine tho!  haha,neutral
negative,@hellivina @IHOPness g'knight lovely ladies. i'm sleepy now ,positive
negative,@Anistorm Sorry ,neutral
negative,"@Knights_ No, no notice. They told me I'd be working tomorrow, and then I called the agency to follow up and they said it was over. ",neutral
negative,omg... &quot;The Reader&quot; is making me ,neutral
negative,@ school  at least last day!!!!!!,neutral
negative,is watching the hill . . .and its making me sad ,negative
negative,He's the reason for the teardrops on my guitar the only one who has enough of me to break my heart ,neutral
negative,"Just finished a delicious breakfast, my last in Paris  I'll miss milk, europe has the tastiest milk in the world, I don't drink it in US.",neutral
negative,@Henkuyinepu it's overrated ,neutral
negative,"Came home from Cross County, Tired as ",neutral
negative,@oanhLove I hate when that happens... ,positive
negative,buttload of homework! ,neutral
negative,Watching Who Framed Roger Rabbit. Makes me miss Toon Town. ,neutral
negative,blegghhhh i have to go to work ,neutral
negative,@sniffinglue ohhh. I love it. ps I'm sad we didn't get to hang out ,positive
negative,blagh class at 8 tomorrow ,neutral
negative,Duckling in famous children's book stolen from Boston's Public Garden - The Boston Globe http://tinyurl.com/dc2htx via @ShareThis OH NO!! ,neutral
negative,"@KelleyRowe hey, you remember that time we used to be friends?? ;)  ugh. vomit. sick.  i need sleep ",neutral
negative,@ilovepie mines too... I'm finding it well hard to get fit... ,positive
negative,"@hannahsix cream for his eye and he may have herpes - not ocular herpes, but a different strain.    He's doing okay though.",neutral
negative,@Devinthedude007 actually the whole site has finally been taken over by those damn russians ,neutral
negative,Almost through with my Italian homework!  Weeeeee.... now if I only understood what I was doing.  ,neutral
negative,just got home from watching Michigan State get tromped!   ,neutral
negative,"@localtweeps Wow, tons of replies from you, may have to unfollow so I can see my friends' tweets, you're scrolling the feed a lot. ",neutral
negative,I don't like the previously on skins thing that starts at season two. I like it when it went straight into the intro like before ,neutral
negative, i think @JonathanRKnight lost the net ? sure hope not,neutral
negative,"@skylineking722 connor, it's me, febi  are you really really mad at me??",neutral
negative,@andreabakes Oh gee - insomnia sucks   Have you tried melatonin?,neutral
negative,i have to take my sidekick back. ,neutral
negative,has a mild left inner ear infection.. and its got this irritating &quot;blocked&quot; feeling since sunday.. ,neutral
negative,@NKDreamer did you see Donnie's tweet stats? almost 700 @ replies...and no JRK ,neutral
negative,@David_Henrie i cant find it! it says dtmafiaofficial doesnt exist!there's jus 1 dtmafia i found n u dun seem to b followin it  wht to do?,neutral
negative,aaaaand back to my literature review  At least i have a friendly cup of coffee to keep me company.,neutral
negative,Such a tough game to watch tonight for State  Finally going to bed after also staying up to watch the season premiere of the Hills!,neutral
negative,@Sofii_Noel thatï¿½s bad ,negative
negative,@LettyA ahh ive always wanted to see rent  love the soundtrack!!,positive
negative,cant sleep but im still feelin like a piece of shit ,neutral
negative,@lolitariot oh no  hope you're not getting sick too!,neutral
negative,Tumblr: This is exactly how it feels wearing a ï¿½tieï¿½  http://tinyurl.com/c8bvqh,neutral
negative,Is stressing out because my blackberry keeps flashing a red alert status for no reason!! Its faking me out and I hate it!!! ,negative
negative, wonder if Jon lost the net,neutral
negative,@markhardy1974 Me too  #itm,neutral
negative,just leaving the parking lot of work! ,neutral
negative,listening to Murd and 9th wonder- just chillen out missing my crazy sex life  ,neutral
negative,@mathewsmichael  i agree... the jobros dont update theres very often ,neutral
negative,@zaydia but i cant figure out how to get there / back / pay for a hotel etc ,neutral
negative,@cococourtney i was just listening to the sweets for the first time in forever! i miss them so much  can we go to chi town for visits plz?,neutral
negative,stupid movies we watched... mirrors ugggggh... stooopeeed!!! rip off! ,neutral
negative,@NileLegania glad I was able help you feel better. I hate to see you sick  Love you!,positive
negative,"My son Vincas is sick, so I stay at home  Just three tense days at work, and I am back on holiday with kids",neutral
negative,@caregiving I couldn't bear to watch it.  And I thought the UA loss was embarrassing . . . . .,neutral
negative,Borders closed at 10 ,neutral
negative,Wow. The most depressing thing in the world is losing a video that you've created in a matter of seconds.  #FML,neutral
negative,homework homework homework ,neutral
negative,"Maybe one of these years I'll get a tax return.  A girl can dream, right?",neutral
negative,@imaginarypeach now your leaving me  .... -gets sad-,negative
negative,Struggling hard with Inventory ,neutral
negative,@SimoneKali Get me an autograph and shout out! You have to record it though. My computer is dead so I can't listen. ,neutral
negative,@PaulColes  hmmm...greed is good when it motivates the individual to do better-not so much when it takes away from others ,positive
negative,At work ,neutral
negative,@nachojohnny Brian don't make me fuck u up LOL I replied 2 ur message...did u get my # ? I miss u ,neutral
negative,Lost my free copy of radioactive so can't put it on my ipod grr!And i can't go out + buy 'nother coz it came with that paper ,neutral
negative,@ColinDeMar Far too out of the way for rail.  any other tips?,neutral
negative,@heidimontag just got done watching the hills! loved it! excited for the next episode! and im sad this is the last season! ,positive
negative,Morning! Bah Car won't start.. waiting for the ANWB.... ,neutral
negative,@LizChavez I can't set my feet on the ground. The missing eyelid people might get me!  ,neutral
negative,"@endearingevania I sure wish I could go with you guys tmrw. But as per usual, school interferes. ",neutral
negative,Sitting here wondering why &quot;ED&quot; still has such a strong hold on me ,neutral
negative,"@RyanSeacrest is it just me, or she hates anoop. i mean seriously, she's kinda mean to him. ",negative
negative,Missing My BFF  watching home and away it reminds me of her and me  we &lt;3 It. shout out to u courts,neutral
negative,doing make up shit ,neutral
negative,Sad about Kutner being killed off my fav show House! ,negative
negative,Wondering why gamebattles is down ,neutral
negative,"STOU site not update, no info about 2/2552 exam, and open course, I must wait for mail notices and doc. um... ",neutral
negative,Waiting at the airport for my ride while I get harassed by 2 men trying to sell me ugly hats.. Why me?!  I just want to sleep..,neutral
negative,Why won't you show my location?!   http://twitpic.com/2y2es,neutral
negative,"@Alliana07 it didn't make any sense to me, the suicide thing. I refuse to believe that that is actually what happened. ",neutral
negative,"I had a horrible nightmare last night which affected my sleep, now I'm really tired ",neutral
negative,"l want, but I can't sleep ",neutral
negative,Wait should I eat?? Or be skinny for vegas!! I'm hungry! ,neutral
negative,@kpreyes Remember my bum leg? Strikes back this time its serious ,neutral
negative,@salancaster  hope your ok.,neutral
negative,ITS NOT ENOUGH TO SAY THAT IMISS U ,neutral
negative,"@emmaketurah  i'm sorry Emma, is swarley a goldfish? i'm sad for u.",negative
negative,is tireddddddd. want to sleep but i have an assignment to finish and an exam tomorrow to study for ,neutral
negative,"@robcthegeek Once upon a time Hundred Islands was the pride of Philippine tourism, but coral/clam/rare fish poaching did it in. Kinda sad ",negative
negative,Poor cameron (the hills) ,neutral
negative,@celesteclara i can't sleep either ,neutral
negative,"@januarycrimson Sorry, babe!!  My fam annoys me too. Thankfully, they're asleep right now. Muahaha. *evil laugh*",neutral
negative,@MizzChievouz Hey girl. The site is back.  Girlyvue is back and they have even more videos. ,neutral
negative,"Home! I really wana sleep, but due to wasting my free line in town I have an assignment to finish ",neutral
negative,"Need some help?! Want to buy a Macbook pro, but still inlove with my old powerbook! ",positive
negative,Yawn yawn yawn!! 10 more minutes in bed ,neutral
negative,@danielledeleasa http://twitpic.com/2y1pe - I hate 2 B allergic  i want a puppy soo bad that i've already thought some cool names,negative
negative,Not feeling well and back hurts ,neutral
negative,finding it really hard to use twitter ,neutral
negative,"@makeherfamous hmm  , do u really enjoy being with him ? if the problems are too constants u should think things more , find someone ulike",neutral
negative,I just re-pierced my ears ,neutral
negative,@Steve_Buscemi the weather in Canada is freezing ,neutral
negative,hates waiting for mails ,negative
negative,@JonathanRKnight Awww I soo wish I was there to see you finally comfortable! Im sad that I missed it ,negative
negative,"Sad, sad, sad. I don't know why but I hate this feeling  I wanna sleep and I still can't!",negative
negative,@thecoolestout Ha the sun's already gone ,neutral
negative,Going to school soon... can't find anything to wear!! gosh it's so hard ,neutral
negative,@jyesmith That's a lot of angst for a Tuesday afternoon ,neutral
negative,played another hand very bad and lost half my stack ,negative
negative,Boredd. Colddd  Internet keeps stuffing up,neutral
negative,I'm up way to late to be working for a client 12:10 AM  #fb,neutral
negative, Body Of Missing Northern Calif. Girl Found: Police have found the remains of a missing Northern California girl .. http://tr.im/imji,neutral
negative,@mamasvan lol - nope! but i did have complete #camerafail ,neutral
negative,"Today I realized I am too good at hiding things, even I can't find it ",positive
negative,running nose + spinning head = not a good combination for a meeting! ,positive
negative,"@KishoreK this is strange, illegal torrents avlbl everywhere, legal DVD not in stock  What do I do now???",neutral
negative,work again ,neutral
negative,"worked his heart out today, doubling my weight at each station. Result: Stiff and pulled muscles... OUCH! ",neutral
negative,@FollowSavvy I never found her. everytime I click on her twitter thing through your myspace..... it goes to some dude's page ,neutral
negative,I'm not still up I swear. Why do I keep losing. gaining. losing. gaining. tweeps?  So heart wrenching.,neutral
negative,"@carolrainbow no Internet at home, have to drive into Ox to use Internet because of builders! ",neutral
negative,i feel unloved. dropped 2 tweeters ,positive
negative,went to ihop again. Great for a diet   At least there were no kung foo pancakes this time. -Rachel-,positive
negative,@alexbigman you left without saying hi! ,neutral
negative,"augh, eff sarth  i stole some of MIL's nail polish, its pretty! =o",neutral
negative,Saw an ad on Craigslist for a casting call for a female host on G4. I was totally psyched! But realized it was a hoax ,neutral
negative,"Can't believe Cutner is dead on House! Sad day.  in Santa Rosa, CA http://loopt.us/ORPL3A",negative
negative,I'm off too bed. I gotta wake up hella early tomorrow morning. ,neutral
negative,Is still nursing my Nile but glad he is feeling better. I hate when my baby is sick ,negative
negative,Fell asleep . . . Really didn't mean too  *christina*,neutral
negative,getting annoyed easily today  &gt;&gt;&gt; biofuel proposal: getting annoyed easily today  &gt;&gt;&gt; biof.. http://tinyurl.com/ceprvs,neutral
negative,@iamjazzyfizzle I wish I got to watch it with you!! I miss you and @iamlilnicki  how was the premiere?!,neutral
negative,"@ridley1013 I agree. The shapeshifting is a copout. I was so excited for Angela's ep, I thought it was this week.  Noah was awesome tho!",neutral
negative,Back at work  @ John Muir Dr http://loopt.us/KoqAbg,neutral
negative,"@PaulaAbdul awww, Good luck Paula!! Please don't work too hard  but I hope you have fun  Your new album is gonna be amazing!  xxx",positive
negative,"Staying at a friends house...house sitting, neighbors are SO loud-having a party ",neutral
negative,i can't concentrate ,neutral
negative,@angry_barista I baked you a cake but I ated it ,negative
negative,last one!!! but still not done!!! ,neutral
negative,@ryanmwilson aww that stinks!  *hugs*,neutral
negative,it's going to be nice again tomorrow and then the rain comes back. no nice weather for my birthday ,neutral
negative,"@griffmiester no exchanging for me, my laptop hasn't arrived ",neutral
negative,"I'm SO behind in video games, and everything for that matter. I'm yesterday's news ",neutral
negative,@ginayates Sorry to hear about Maggie.    Thoughts to your mum.,neutral
negative,I am worried that I won't get my $900 even though I paid a buttload of tax last year ! ,neutral
negative,"@eloquentembrace You're going to kill me, but I've not seen DS9. I've been waiting till I can do it in one solid week sitting. ",neutral
negative,@dragoneer Yea   I am working tp hack my server to do the 12player thing for folks,neutral
negative,"pray for me please, the ex is threatening to start sh** at my/our babies 1st Birthday party. what a jerk. and I still have a headache ",neutral
negative,Poor Sandra Cantu &amp; the Cantu family! My prayers go out to them! What a sick world we live in. She was only 8 ,neutral
negative,@katortiz  Not forever... See you soon!,neutral
negative,"has Finland sleeping for the night, not really enough time ",neutral
negative,I would like to apologize for the repeated Video Games Live related tweets. I am going to have a stern discussion with Koodo soon. Stern. ,neutral
negative,struggling with eam law ,neutral
negative,http://twitpic.com/2y34e - I wanna wear my Doc Martens out! Haven't worn them since December. ,neutral
negative,Living not downtown sure isn't much fun.  ,neutral
negative,No picnic  my phone smells like citrus.,neutral
negative,"I reaaly miss john mayer's twitters.  fuck rude people. Remove him if you don't like his tweets, bitchfucks.",neutral
negative,Nasty budget due and my iphone is being sent to Apple today. ,neutral
negative,@robluketic  love the french. I tell people here in the south i'm qtr. french and they snarl at me.  french are beautiful people,positive
negative,spent 1 hour to reach to Axis bank only to find out today is holiday for Mahavir Jayanti  contd..,neutral
negative,is in the bathroom... wake up lakin. ,neutral
negative,trust is hard ,neutral
negative,ugh. cant sleep. its 1:30am. ,neutral
negative,Keeeerrrrriiiiii!!!!  I really have nothing better to do then post on this thing at 224am.....wonderfullll. Says alot.,neutral
negative,@pratama Same iMac came out $320 more in Indonesia than the States. ,neutral
negative,Fed bokkie too many birthday treats-sicko ,neutral
negative,is grouchy. and wants bmar ,neutral
negative,"@grum WAH I can't see clip, must be el-stupido work filters. Can't wait 'till I get a 'puter. Something else 2 blame ex 4. He broke mine ",neutral
negative,@HibaNick yeah aw but i know i wudnt stand a chance ,neutral
negative,"&quot;On popular music&quot; by T.W.Adorno is probably the most difficult reading ever prescribed, I'm actually struggling to continue ",neutral
negative,"@d_castillo ugh, that's disconcerting ",neutral
negative,"I have a sad feeling that Dallas is not going to show up  I gotta say though, you'd think more shows would use music from the game. mmm",negative
negative,@beachbassbone: roomie was home all day. All he had to do was scratch at the door. Comforter has to goto large laundromat machines. ,neutral
negative,"Off to London for the day on Thursday, it's gonna be raining, oh fab  won't see much on the London Eye! Still Robbie won't care bless him",neutral
negative,@nchokkan https://www.mycomicshop.com/search?TID=395031 But all says not in stock ,neutral
negative,I just saw that they found that Tracy girl in a piece of luggage... How fucking terrible ,negative
negative,"Just checked my user timeline on my blackberry, it looks like the twanking is still happening  Are ppl still having probs w/ BGs and UIDs?",neutral
negative,"@Dangerm0use I think maybe you should get a couple more hours of sleep, hon. How productive can you be right now if ur dog tired? I worry ",neutral
negative,didn't get shit done today ~ i'm so screwed ,neutral
negative,"@kisluvkis oh that is very sad, poor boy. ",negative
negative,"Okay, so.. STILL NO SCHOOL!!!! ",neutral
negative,Still doing my homework!!! ,neutral
negative,"dierks bentley is comin' to columbus, OH!! i wanna go so bad ",negative
negative,"@akianz renting.. but very cheap renting, and awesome house. We had 3 buying attempts fall through ",neutral
negative,"Balamurugan, a longterm member of the team is leaving this month. We'll miss working with him  hope he does well in his next venture",neutral
negative,amazon s3 plugin not worked in my website . it need PHP 5 . but my hosting provider has only PHP 4.4  . very sad.,negative
negative,@hyperbets i hope this doesn't last too long.  i feel miserable!,neutral
negative,@smokey_robinson  you fell off my list...did I offend you?  ,neutral
negative,@rumblepurr lol.. wish they understood daylight savings has ended though and breakfast is an hour later  They keep waking the kids up too,neutral
negative,"Late night snack, glass of OJ b/c I'm &quot;down with the sickness&quot;, then back to sleep...ugh I hate getting sick... ",negative
negative,@shortiethug how come ur background covers the screen but mine is in the corner? ,neutral
negative,Broadband plan 'a massive broken promise' http://tinyurl.com/dcuc33 via www.diigo.com/~tautao Still waiting for broadband we are ,neutral
negative,@ScoutBuck tons no hay Troll? ahhhh ,neutral
negative,Who turned the lights on? It will be time to get ip then ,neutral
negative,@mrsaintnick hey! i'm leavin in the morning... ,neutral
negative,MORNING!!! Good im bloody knackered!!! Work is not for me today  HELPPP!!!! xxx,positive
negative,anyone who reads this pray for my Grandma. She's in pain ,neutral
negative,@clarianne APRIL 9TH ISN'T COMING SOON ENOUGH ,neutral
negative,throat is closing up and i had some string cheese. not a good idea ,positive
negative,@FakerPattyPattz Oh dear. Were you drinking out of the forgotten table drinks? ,neutral
negative,@swiftkaratechop STOP NOMNOMS!!!! ..you didn't share!  Night peoples!!,neutral
negative,going thru town and traffic on bypass is stink ,neutral
negative,crying  my friend is moving away tomorrow ,neutral
negative,"why to we, the only school in the world, be in this week.My school is silly  anyway... look on the bright side. When i'm off, u will be in",neutral
negative,ill so i cant go to the cinema!! ,neutral
negative,I'm ready for the weekend already. It's only Monday. ,neutral
negative,@fleurylis I don't either. Its depressing. I don't think I even want to know about the kids in suitcases. ,neutral
negative,@machineplay I'm so sorry you're having to go through this. Again.  #therapyfail,neutral
negative,@SarahReedSC treaty isn't defined ,neutral
negative,"My goodness, it's freezing down here !!!!! ",positive
negative,"I'm tired. I feel like crap. And the world feels all crummy. Make me happy, USB disco mouse. ",positive
negative,@latroneb oh but there's one bestie missing ,neutral
negative, Why do other pet care people try to run others out of business? Or send suspicious e-mails fishing for info?,neutral
negative,@jonathanchard Not calorie wise   I wish junk food was calorie free! I ate a thing of sour skittles and a big ass cherry coke!,neutral
negative,feels like she slept the day away.    Not looking forward to any more bouts with my gallbladder.  At least I have pills now for the pain.,neutral
negative,"@whoisariston No problem, tongue-in-cheek remark.  Lots of acronyms, but no NZ ",neutral
negative,@daniela_95616 hahaa!! i just realized &quot;impune&quot; definitely isnt the word i wanted... dang. i'm so unclever. ,neutral
negative,im on val's mac in iitsc clubroom. still sweating ,neutral
negative,about to file taxes ,neutral
negative,This week just seems to get longer and longer in terms of how much I need to do.. and how much I'm actually going to get done ,neutral
negative,wishing i was home underneath my covers ,neutral
negative,has lost his ring. It's no-where to be seen ,neutral
negative,I so hate homeworks -.- My head hurts so bad ,negative
negative,im boredd. gah  i wish i could just sleep and get it over with but ive had toooo muchh cooooffffeeeeeeeee  bahaha,neutral
negative,"I activated my Selfcontrol block early, meaning I can't check out the new QC.  Regularizing my internal clock is might be difficult. #fb",neutral
negative,@mercedesashley Damn! The grind is inspirational and saddening at the same time.  Don't want you to stop cuz I like what u do! Much love,positive
negative,"Back at work, tired as hell and i feel a cold coming ",neutral
negative,Morning folks 7.00 am ..yawn! Up &amp; away to see to horses - hope Twitter is better behaved today!  Last night was a travesty ,neutral
negative,@dannyvegasbaby danny im upset that i wasnt here to watch the live chat  i was in a car. for 3 hours on a trip im soooo upset!!,neutral
negative,"Mraow, I feel like dancing, but first art school wants to rape me some more. ",neutral
negative,@DAChesterFrench I emailed you yesterday and u never responded ,neutral
negative,@ikimb0 i just seen ur tweet . plz write bak if u get this. i havnt got one reply bak ,neutral
negative,one less follower tonight ,neutral
negative,Wishes I was on the Spring Fling Tour with Dawn &amp; neecee Sigh  G'knight,neutral
negative,@MarcusMims wow i didn't get an &quot;hello&quot; u suck ,neutral
negative,"http://is.gd/r8Zf,  http://is.gd/r8Zy, and  http://is.gd/r8ZG - test footage with my girlfriend (in HD) The dark one is underxposed ",neutral
negative,I've just spent 1 hour to enter all the bureaucratic nonsense for March. What a waste of my time ,neutral
negative,@Viennah Yay! I'm happy for you with your job! But that also means less time for me and you... ,positive
negative,"@SLessard But, but, but . . I wanna listen to the masters too!  ",neutral
negative,Getting eyebrows waxed. More pain ,neutral
negative,@stewiebrittany no  i dont even know how to ride it,neutral
negative,currently at work.. ,neutral
negative,Hollis' death scene will hurt me severely to watch on film  wry is directors cut not out now?,neutral
negative,Why is that when you have time off from work you get sick? ,neutral
negative,is strangely sad about LiLo and SamRo breaking up. ,negative
negative,rt @KimKardashian Khloe just got fired from the Apprentice ,neutral
negative,@BATMANNN  i love chutney......,positive
negative,"Death is peaceful,  life however, bites ",neutral
negative,@vernonhamilton You're a stranger   ,neutral
negative,"If he doesn't get better in a few days, he could have something lodged in his belly ",neutral
negative,@LoveMeagan it doesn't work your fan is upset ,positive
negative,@limbecky I'm doing the time warp without you and am sad. ,negative
negative,It's 6.20pm - early days in a looooooong night at work ,neutral
negative,SHOOTING OUTSIDE MY HOUSE :O NOT KIDDING! So SCARED ,neutral
negative,Just going to cry myself to sleep after watching Marley and Me.  ,neutral
negative,@toddlington only a quarter of a percent babe  darn,neutral
negative,"just woke up from the most vivid, sketchy, not-cool dreams of my life. time to stare at the wall with the lights on. ",neutral
negative,Lookin like an all-nighter. I hate it when I do this to myself ,negative
negative,feeling down ,neutral
negative,Why oh why was the Red Sox game rained out? I was so looking forward to opening day ,neutral
negative,@MissXu sorry! bed time came here (GMT+1)   http://is.gd/fNge,neutral
negative,@whyinthehell If I may butt in again.  I'm done being nosey.  sorry your conversation was just so interesting!,neutral
negative,today sucked. I'm gonna die without chris and callum!  wahhh!,neutral
negative,"Heading to Altrincham, again! Out of hours install ",neutral
negative,"18 weeks till sisters home.. i missed her call, again! its the worst feeling in the world. ",neutral
negative,"Opening a partially frozen beer= Beer on the toaster, under the oven and all over the counter. The kitchen smells like we run a speakeasy ",neutral
negative,@lilbucknuts41 not an option ,neutral
negative,@Cronotriggers  that's sad.,negative
negative,"@JonathanRKnight I hate the limited letters,too.Hope you and the guys are fine?I pray for my dog,sheï¿½s not well ",negative
negative,Smugness gone. My train also failed to turn up so I'm heading for Victoria followed by an unpleasant tube ride to the City. ,neutral
negative,"One of the hardest thing with this schedule, no one I can chat with at the end of my day usually ",neutral
negative,@shandasaurus  I see.,neutral
negative,@chimpytwit brilliant idea. just bring as much as you think you'll spend &amp; I'll swap you. bring a brolly ,neutral
negative,is stucked in Paris and can't even travel into France (for work) ,neutral
negative,"@sloanb Got it, sadly, only works for UK &amp; US at the moment ",negative
negative,gonna try to get some sleep in this hotel room ,neutral
negative,I feel bad for doing it ,negative
negative,@brettyboo why were u sleeping?! Ur gonna be up all night now  how was ur bike ride?,neutral
negative,HEROES just isn't doing it for me this season... ,neutral
negative,@sarahsaturday I'm sorry your gift card ran out.... That suck. ,neutral
negative,There's an inch of snow on the ground (and counting). I'm worried about the poor flowers ,neutral
negative,"@esuriospiritus time to come back to flawda for double dates! no, seriously, i'm sorry to hear that. ",neutral
negative,I'm sooo sad!!! they killed off Kutner on House  whyyyyyyyy,negative
negative,Tuesdayï¿½ll start with reflection ï¿½n then a lecture in Stress reducing techniques. That sure might become very useful for us accompaniers ,neutral
negative,wishes for good old cartoons to come back. ie: Captain Planet! Where's Wally! Daria! (sadness  ),positive
negative,watching &quot;House&quot; ,neutral
negative,trying to reduce the number of cigarettes in each day! ,neutral
negative,"@RandomlyNat Jeez, I was just trying to help  Haha.",neutral
negative,"@misstoriblack cool , i have no tweet apps  for my razr 2",neutral
negative,@daniela_95616 my english professor would be ashamed. ,neutral
negative,"Well, so much for being productive on my 2 days off from Angels ",neutral
negative,"Spring break is here at last, but no one is here to celebrate ",neutral
negative,@eRRe_sC aaw i miss ya all too.. im leaving to BH tomorrow &quot;morning&quot; i think.. aww i wanna go to the beach w u girls!! ,neutral
negative,"Put vacation photos online a few yrs ago. PC crashed, and now I forget the name of the site. ",neutral
negative,I don't understand... I really don't ,neutral
negative,Finally gave in and was bored enough to start this thing. I think the 140 is going to be a problem for me tho.  its like a myspace status.,neutral
negative,LOST sucks  ... because i have to work today,neutral
negative,"@MySteezRadio I'm goin' to follow u, since u didn't  LOL  GO ANGELS!",neutral
negative,got the ebay blues! item i want jumped from no bidders to over $100 in an hour.. still has 3 hours to go. i'd better not get my hopes up ,neutral
negative,"Cannot sleep....WIDE AWAKE!!...and I gotta go to work later too. Boy, am I going to have a crappy day. ",neutral
negative,Man... taxes suck.  I'm horrified that i did something wrong on them.  TurboTax decided to keep around a lot of the stuff I turned off.  ,neutral
negative,@Tatiana_K nope they didn't have it ,neutral
negative,getting ready to clean the house from top to bottom ,neutral
negative,@cocomix04 ill tell ya the story later  not a good day and ill be workin for like three more hours...,positive
negative,my throat is raw. ,neutral
negative,56 min till home time and counting! I have a craving to visit the MAC store but they will have closed by the time I get there ,neutral
negative,missed Brent at praise band.  No fun to not have your lead guitarist. &lt;pout&gt;,neutral
negative,Is terrified she accidentally deleted a reference in her management assignment and hopes she doesnt get in trouble when she gets back ,neutral
negative,"Hot compress not rily workng for pulled muscle  gng to bed, good night",positive
negative,Wahh  no CSI anywhere! DVR'ed I Love Money 2 though - gonna watch it then sleep - Goodnight Tweeters&lt;3,positive
negative,@lunafiko can't wait to try em but prolly have to wait until next weekend at the earliest ,neutral
negative,im so tired of work...i need a life.... ,neutral
negative,@stephenkruiser I'm so sorry to hear about your dog ,neutral
negative,help me forget 8th april &amp; 13th july! ,neutral
negative,@InYourEyes2410 I reckon ,neutral
negative,@KourtneyKardash yup night workouts r the worst but unfortunetly my work schedule only allows me to go at night  its tough!,neutral
negative,@celycarmo i'm sorry I don't understand your last comment ,neutral
negative,@onemoreproject that is lame ,neutral
negative,@ashman01 My only complaint about Facebook is they've changed it so much it's confusing ,neutral
negative,@hillary006 I'm sure everyone has ruined my gift to you  Whitney has my serious Cell #...We doing easter as well?,neutral
negative,has a lot on her mind. I needs to make some moneys. And ideas. Nowhere is hiring! ,neutral
negative,I am soaked. This is not pleasant ,neutral
negative,happy for Coach Stringer (HOF c/o 2009!)...now if I can only finish my term paper on her ,positive
negative,have watched that considering today. yaknow. shawnna tomomorrow;i need my bestfriend ,neutral
negative,My mom might have breast cancer won't find out anything for. Like a week I'm so worried! ,neutral
negative,my nokia 1110 died..  ,neutral
negative,I hate converting movies just to put em on my itouch ,negative
negative,"@TheBlondeTheory Between that and the Italy earthquake, it's been a very sad news day. ",negative
negative,should've been asleep two hours ago ,neutral
negative,@gigdiary I know -  was a little depressed that we ate so much last night there were no leftovers today ,neutral
negative,"still sick. feeling a bit better, got some new medicine.... hope I feel good after a night of sleep. ohh, and it's suppose to snow! WTF! ",positive
negative,@AmaNorris wow that last tweet made me seem like a giant sexist...sorry about that ,neutral
negative,@SaveTheStrib Dang! I would have done this if I knew it was there earlier.  Any other outings planned?,neutral
negative,So many channels.... yet so so boring... lazy day again  may have to find a hobby,neutral
negative,I am in pain. My back and sides hurt. Not to mention crying is made of fail. ,neutral
negative,"making myself ready for school...don't feel like going, but have two tests ",neutral
negative,@AmandaEnglund Sorry to hear about your loss.     There have been many this year so far.,neutral
negative,"Was intending to finish editing my 536-page novel manuscript tonight, but that will probably not happen. And only 12 pages are left ",neutral
negative,"Gah, Comcast doubled our cable/internet bill w/out telling us, so we are quitting.  Can anyone suggest an affordable company in bay area?",neutral
negative,Is not going to sleep tonite. ,neutral
negative,@nicolerichie Gossip Girl was a repeat ,neutral
negative,Whinging. My client&amp;boss don't understand English well. Rewrote some text unreadable. It's written by v. good writer&amp;reviewed correctly. ,positive
negative,"@riancurtis  i'm here, friend, and i love you.",positive
negative,"#3 woke up and was having an accident - &quot;It's pushing, it's pushing!&quot; he was crying because he couldn't stop from wetting his pants.  ",neutral
negative,I know my life has been flipped upside down when I just thought in my head that some Ramen sounds good. ,positive
negative,Downloading NIN's new album &quot;the slip&quot; - when the hell did this come out? I'm so behind the times these days ,neutral
negative,@DjAlizay I really don't think people choose to be that way. But I think he chose not to accept my family's help   He might be dead by now,neutral
negative,it'll take 3 days for my sister to get her passport ,neutral
negative,missed Brent at praise band.   No fun to not have the your lead guitarist.  &lt;pout&gt;,neutral
negative,@OfficialRandL when is the announcement? i stayed up late last night ,neutral
negative,@champagnemanoir all rain today  . Garden really needs it so not quite so bad.,negative
negative,@AmberPacific i know i dont know why i said that ,neutral
negative,"Lost my phone some where.maybe in the grass, its just so long, hope it doesn't rain ",neutral
negative,IS PHONELESS  ...NOW OFF TOO SLEEP,neutral
negative,I feel like shit. This is NOT the way I want to spend my birthday's eve ,neutral
negative,@thecoolestout Ehhh don't. Weather's gonna take a turn for the ugly tomorrow ,neutral
negative,you shouldn't have gone ,neutral
negative,@johnnybeane hey! you just changed your default. ,neutral
negative,heartbroken over little sandra. prayers are with the family. ,neutral
negative,@RubyRose1 awww wish i could go! but its in sydney ,neutral
negative,Superneej: Morning! Bah Car won't start.. waiting for the ANWB.... ,neutral
negative,Completely wiped and reloaded the 8900.... Lost all BBM contacts    Going to bed sad.,negative
negative,@DonnieWahlberg I hope i can make it to the auburn show. but its not looking good for me ,positive
negative,is at Beso in Hollywood... so tired ,neutral
negative,Didn't sleep too bad considering I have a workshop starting today. Beginnings of a sore throat though ,negative
negative,still procrastinating... i hate organizing my clothes  there's just so much....,negative
negative,@winggato no free comp lol ,neutral
negative,@linuxfoundation - Who should I contact if I need a 1099 for freelance work I did on Linux.com throughout 2008? Never got one. ,neutral
negative,Shiner is taking up all my bed and blankets! ,neutral
negative,@widyatarina say what??? kal penn's leaving house?! noooooo!!! awww... i totally missed it tonight ,neutral
negative,It's going to be a long year for A's fans. ,neutral
negative,i want the new GG episode already ,neutral
negative,in biology class. my lip hurts ,neutral
negative,Going to sound vain... but running out of my fav lip gloss ,neutral
negative,poor socks  luvvvvv the golden retriever!! I want one sighhhh,neutral
negative,It's only tuesday ,neutral
negative,Good GOD they ruined my belly button!!!  ,positive
negative,I wanna be in a punk rock band again ,neutral
negative,@jacobsummers Sorry  tell them mea culpa from me and that I really am sorry.,neutral
negative,Another day at centre point - this time an early start so guessing train will be rammed with commuters ,neutral
negative,might be getting a sore throat again ,neutral
negative,good morning everybody! pkoi y fais pas beau  bon coffee time!,positive
negative,@QuanDotCom I miss mine too! ,neutral
negative,"@emitstop So true, I have it and don't use it ",neutral
negative,listening to nathan cry.... ,neutral
negative,Seating here helping my baby with his papers...well he is forcing me too seat with him  im sleepy,neutral
negative,just found out that my mum  and my adopted auntie are on twitter.. check them out my mum is TessM64 and my awesome as auntie is tania38,neutral
negative,@labelsnotlove   my home town. My mammy called all depressd.  Pls explain y a parent let their 8yr old child walk alone? Hello? Its 2009!,positive
negative,"@hadtobeyou I'm at 900 words, it's all can do  I'll finish tomorrow maybe",neutral
negative,@JustGelo Its sad knowing how they found her body. What a crazy world we live in. No child deserves that ya know. ,negative
negative,i have to fill two hours ,neutral
negative,"@moony394 OHH! OMG. LMAO. I'm crying right now, LOL! KUTNERRRR was the best! ",neutral
negative,"@Henkuyinepu yeah, apparently i have really bad taste ",negative
negative,it so tired that im crying for no reason at all. im about to try to get an hour and a half in for tonight. half what i got last night. ,neutral
negative,@polhillian YUP. ,neutral
negative,I don't understand why things get taken away. I didn't have enough time with him its unfair. I want him back!! He was like my baby ,neutral
negative,Is fucked to go back to IC ,neutral
negative,@stephenkruiser awww so sad!!!  I'm so sorry!!,negative
negative,I need to go to the bank tomorrow before I go broke... ,neutral
negative,@raymondroman oh noes. how did you manage to send something to the trash can AND empty it without noticing! i feel for ya ,neutral
negative,@ITS_NEMESIS ------- ,neutral
negative,@ohsbrat30...I'm sorry. I'm feeling kinda yucky myself. 5am is going to come too quick ,neutral
negative,Pepperoni rolls in L.A.?: I called Valentino's - they said that they had sausage rolls but no pepperoni rolls  http://tinyurl.com/cec5ka,neutral
negative,"I miss you twitter. My phone broke, now I'm using a stupid Nokia phone. Ughhh, I miss my advance phone. ",neutral
negative,"Debbugging old VB6 code, the day could have started better . . .  ",neutral
negative,being bored at homee ,neutral
negative,@lauredhel  What happened?,neutral
negative,"@otakusecret my reaction too  whoa, didn't see that coming",neutral
negative,"Just got my presentation done, 23 slides done...  I'm crying for this week will be the hardest of all weeks.",neutral
negative,"@louie094: shooting!?!! be careful, luisa ",neutral
negative,Reading Buyology before bedtime... great premise but only turning out to be an &quot;OK&quot; book - lots of info I already knew ,positive
negative,@therealnph Twitter hates us both then.  ,negative
negative,Watching &quot;a league of their own&quot;...makes me miss mint chocolate ice cream cones and my grand ma  fuck.,neutral
negative,gotta repeat  whole art folio cuz old one with a whole terms work got wet ,neutral
negative,Anybody know where my iPod went? ,neutral
negative,I accessed oneindia.mobi from a Google phone (Android). It doesn't support Indic languages ,neutral
negative,@stephenkruiser i had 2 put my dog down today too  someone ran her over,neutral
negative,Bouts to start 24. Poor linny couldn't keep her eyes open.  she tired and has to work tomorrow morning. Night @ilovefatsusan.,positive
negative,stupid arranged marriages... i'll convert so you can marry me...love you! ,positive
negative,Damnit I was really digging this season of Reaper  http://www.tv.com/story/13720.html?ref_story_id=13720&amp;ref_type=1101&amp;ref_name=story,neutral
negative,@carlyw66 HAHA. I cried...  I guess he did....,neutral
negative,@contactabe I'm so jealous.  I missed all of opening day this year ,neutral
negative,"had a blast at the Getty Villa, but hates that she's had a sore throat all day. It's just getting worse too ",negative
negative,@kristencampisi is this it 4 u? Its ' officially over ' 4 me this go round! ,neutral
negative,@Carmonium i'm stressed outttt ,neutral
negative,Oh - Just got all my MacHeist 3.0 apps - sweet. Didn't get the Espresso serial no though although they said they sent it - oh well ,neutral
negative,I strongly dislike people who make stupid comments and dont know the whole story ,neutral
negative,ok I'm sick and spent an hour sitting in the shower cause I was too sick to stand and held back the puke like a champ. BED now ,neutral
negative,my lymph nodes are as massive as rahm emanuel's balls right now ,neutral
negative,Crazy wind today = no birding  http://ff.im/1XTTi,neutral
negative,"@GABBYiSACTiVE brat! You have to rub it in, don't you.... I want a mocha ",neutral
negative,@emiliexclarkex miss you ,neutral
negative,@lilibat never been able to afford to get them out. I'd much rather go through the extraction than continue with what I deal with now. ,neutral
negative,My 4 year old (18 year old) is driving me around the twist...i don't want to be like this ,neutral
negative,YAY FOR BASEBALL SEASON! boo to yankees losing their first game ,neutral
negative,"just leavin work, my feet hurt ",neutral
negative,Strider is a sick little puppy  http://apps.facebook.com/dogbook/profile/view/5248435,neutral
negative,@lovebscott absolutely not!! ,positive
negative,I miss him.  Can't wait to celebrate the Tar Heel win this weekend though!!,neutral
negative,"@djsoulsister yeah, great vid. I had the 12&quot; single, but sold it a few years ago ",positive
negative,@ballinbitch haha im not THAT ballin. I still got bills to paaaaay ,neutral
negative,i just got a text from sarah ,neutral
negative,@ddlovato @David_Henrie ummmmm i cant find it. ,neutral
negative,@miamiiboii dead @ yu gettin on wen im leavin ,neutral
negative,"so far i have 311 on all my sites put together,  most of them were me checking out the updates i made......",neutral
negative,My mind and body are severely protesting this &quot;getting up&quot;  thing. Had nightmares to boot ,neutral
negative,"@benackerman BTW my iPhone is acting funny, dying quickly and freezing and BS.  I'm not admitting anything, just sayin ",neutral
negative,The internet is hating me. Night i s'pose. ,neutral
negative,twiggassssssss I been out of range all day  I'm back now and hopefully for good.,positive
negative,CASH RULES EVERYTHING AROUND ME ,neutral
negative,"Well, that sucked. ",neutral
negative,"Has now gotten somebody to read his tweets, but cant get them to make an account. ",neutral
negative,"@nationwideclass no, it's not behaving at all. i'm mad. why am i here? because I can't see you all over there. ",neutral
negative,i feel sick  too much icecream,neutral
negative,"I don't want to wake up early tomorrow.  Damn you, work!",neutral
negative,I hate the fact that I'm genuinely excited about my last tweet ,negative
negative,I've been stuck in this house for two days ,neutral
negative,@deepbluesealove My Mom &amp; Dad both get up around 6...too early for me ,positive
negative,Well bed time now. 1 am. *sighs* Back to 6 am mornings for a week on Wednesday. ,neutral
negative,I feel like I am the only &quot;twitterer&quot; not on TweetDeck. ,neutral
negative,i thought you would support me on this ,neutral
negative,"@stark YOU don't follow me, either  and i work for you!",neutral
negative,Why does school take over your life so much you don't get sleep anymore  .. I am still doing school work and have more to do as well,neutral
negative,going to sleep can't be up until 1am again...and no I didn't finish my statistics homework! ,neutral
negative,@ddlovato Do you hate us?? Please don't ,negative
negative,needs another copy of visual studio 2008 ,neutral
negative,"Man, that took forever. ",neutral
negative,Oh man...was ironing @jeancjumbe's fave top to wear to a meeting. Burnt it ,neutral
negative,thought sleeping in was an option tomorrow but realizing that it now is not. evaluations in the morning and work in the afternoon! ,neutral
negative,"there's a new kind of starburst: favereds. sounds fab, bc cherry and strawberry are MY fav red's but they added watermellon and its yucky ",neutral
negative,Can't sleep  I hate these nights when I try to go to bed early and stay awake for hours. Poo!,negative
negative,"Job Interview in Cardiff today, wish me luck! Got about 3 hours sleep ",neutral
negative,I'm missing you babe..  but as long as your alive I'm happy.. Yawwwnn.. I'm tired my love imma try to sleep hopefully you had a headstart,positive
negative,im sad now  Miss.Lilly,negative
negative,@rj i don't know what half of that means ,neutral
negative,I still can't find my keys. ,neutral
negative,Grr i want to keep reading but if i do i wont have anything left to read ,neutral
negative,"I just can't spell today, i totally suck ",neutral
negative,wants to hear @seblefebvre 's song but myspace is messing with me ,neutral
negative,@ThaStevieG but what I really want is my old bass back ,neutral
negative,This trolley has up packed in like sardines! Padre game and they REMOVE a car?! Good call MTS ,positive
negative,"@katebornstein which is pretty anti memorial tattoos   but for all but the strictest, there's no official BAN, just disapproving family",neutral
negative,"@Marge_Inovera I tried tweetdeck once and I hated it with a passion. Or it hated me, I'm not sure... ",negative
negative,"my heart is broken every morning dropping Foo at pre school, now i understand when moms say &quot;he has my heart broken&quot;. ",neutral
negative,I'm very glad Britney isn't crazy anymore! That was one hell of a show! Now I'm sad that it's over.  Next up...AP at Cook County!,negative
negative,"...and, India missed out its 100th Test victory n 10th consecutive win without a loss. ",neutral
negative,The Life is cool. But not for Me. ,neutral
negative,@jeffreecuntstar  I don't have a garage.  But you can park in my driveway!,neutral
negative,"@Honey3223 I did get some disgruntled people when I wrote my ESN, but the 1000 hits in one day made up for it. Bill pulls in 250 tops ",neutral
negative,I'm so cold ,neutral
negative,@mouthsex i asked everyone how they were doing yesterday and not a single tweet back ,neutral
negative,@JinxCat Unlike my sister...I still don't have one ,neutral
negative,cant sleep  she wants to dream!!,neutral
negative,"@TracyDowds When an Xbox shows those three red lights, it means it's dead and needs to be fixed for a month at Microsoft HQ. ",neutral
negative,I had such a nice day. Too bad the rain comes in tomorrow at 5am ,negative
negative,So the procrastination starts early in the quarter. I don't want to reaaaaad and write a paper ,neutral
negative,"@smarrison i would've been the first, but i didn't have a gun.    not really though, zac snyder's just a doucheclown.",neutral
negative,"getting sick  time for some hot tea, studying, and then sleeeep",neutral
negative,really don't feel like getting up today... but got to study to for tomorrows practical exam... ,neutral
negative,"pears &amp; Brie, bottle of Cabernet, and &quot;Win a Date With Tad Hamilton&quot;... oh gawwd my life flashed forward to when I'm 40 with my 75 cats ",neutral
negative,Bad news was Dad has cancer and is dying   Good news new business started and  I am now a life coach practising holistic weight management,positive
negative,@supersport I miss my buddy  ill be in NY on the 25th,neutral
negative,Sleep time.  Tomorrow is gonna suck ,neutral
negative,"I'm sweating my forthcoming trip to E3.  If I can't find someone to crash with while I'm out there, I may be screwed.  ",neutral
negative,Ugh can't sleep.  Wish i had a good cuddle to  Make me ass out ,positive
negative,our duck and chicken are taking wayyy too long to hatch ,neutral
negative,@yaykimo It's sad it's the last season.  I wanna see when Spencer calls Lauren!,negative
negative,@a5hleyf i'm spending time with my grandma early tomorrow and i can't leave skittles by herself. ,neutral
negative,@stephenkruiser I'm so sorry to hear about your dog   wishing you happier days to come!,neutral
negative,"@theresawhite this is true, lol but it's still a slap in the face after such a warm end of march ",neutral
negative,@Unholyknight so did your mom last night.  brb while I figure out whether I just burned you or myself the most.,neutral
negative,@aaronrva is in the bathroom and i have to pee!    ,neutral
negative,Re-pinging @Kyle44: Custom icons I made! =] look cool but the edges could be less square  might look bad on a diff background,negative
negative,"feeling lost, naked and confused (JK, sort of).....no iphone for me. ",neutral
negative,@Wyldceltic1 He has Karate tournament in 8 weeks  ,neutral
negative,Just heard that they found Sandra Cantu... She was only 8 yrs old ,neutral
negative,Twilight didn't come yesterday  fingers crossed for today,neutral
negative,@t_wolfe  i miss u too. i'm totally comin back tho! Lastnight was sooooooo much fun!,neutral
negative,massage was great. i just spilled coke all over my desk  lame. watching the simpsons as i've finished all my hills dvds.,positive
negative,@taliasunset rock band is hard..on expert!!! ,neutral
negative,Aaaaand the nausea is back. ,neutral
negative,"@stustone Your show is whack. Way worse than whack, it's wiggety-whack.    :*(:*(:*(",neutral
negative,is alone downstairs...working ,neutral
negative,@phlaimeaux where are you? ,neutral
negative,Can't sleep again ,neutral
negative,"Home from Franklin street, I almost jumped over a fire. Someone kicked it before I could.  Jenny lost her shoe.",neutral
negative,I want to be back in LA ,neutral
negative,@brian_armstrong What a pity YouTube is currently blocked in China.  I can't see the vids. ,neutral
negative,Someones alarm clock or a phone woke me up at 3am...Still got my headache from yesterday night ,neutral
negative,@luxuryprgal hahaha suriously! I feel like everyone knows this show is a joke except lc! ,neutral
negative,"@paradisej cool, i will. their are all kinds of complaints about this laptop online about overheating, but no recalls ",neutral
negative,im soooo cold right now ,neutral
negative,Keeping my fingers crossed for my buddy    He is not feeling well.,neutral
negative,is upset that he can't update his Facebook by texting it... and might cry as a result  School today also. Blah!,neutral
negative,"@RumLover An empty rum barrel is a sad rum barrel. *shakes head* the horror, the horror.  ",positive
negative,Synching my contacts from my old mobile to iPhone. Import does not work well ,neutral
negative,sad that the 'feet' of my macbook just fell off : sad that the 'feet' of my macbook just fell off ,negative
negative,sleep soon... i just hate saying bye and see you tomorrow for the night. ,negative
negative,i hate to see the spartans so sad ,negative
negative,@HumpNinja I cry my asian eyes to sleep at night ,neutral
negative,Yawwwn! Gotta get up early tomorrow  who's ready for the weekend???,neutral
negative,@Houndour ...i wish i was there...i'm pretty good at scaring the shit out of people ,positive
negative,@maxime68 @megelder But! I'm useless if I don't sleep  It's not fair! I want all the fun as well!!!,neutral
negative,@frago I hate you. I didn't need to see that. I need to call my therapist now. ,negative
negative,"@nick_carter Aww Nick!! I like your hair longer, why did you cut it off?  Break. My. Heart.",neutral
negative,wednesday my b-day! don't know what 2 do!! ,neutral
negative,"Oh jew-bus! Two years worth of classes' work is ALOT to organize &gt;_&lt; i'm not finishing tonight, it's not possible...my bones ache ",neutral
negative,"is in study hall now, and i will log off immediately.  http://plurk.com/p/mzxbg",neutral
negative,http://twitpic.com/2y3cf - Filled with curry  the true indian in me is coming out,neutral
negative,"I swear no matter how long I've been getting up at 5am, it never gets any easier. Man my eyes hurts wah ",neutral
negative,i miss being at home for calving season...sad that black one died this morning  wish i had some bottle calves!,negative
negative,I'm really cold. I don't want to go to sleep yet but there's nothing to do ,neutral
negative,"@octolinz16 It it counts, idk why I did either. you never talk to me anymore ",neutral
negative,"@FranzGlaus I know, just wanted to let everybody know what was happening  ",neutral
negative,@Born_4_Broadway Lost  and it was St. Ignacius Prepatory School. Haha.,neutral
negative,I miss watching Rocko's Modern Life. ,neutral
negative,@fishmouse it is hilarious and I linked the clip from LJ some time ago but when I went back just now it was a dead link ,neutral
negative,Thanks for bursting my bubble ,neutral
negative,@rootbeersoup Yeah. Too bad people like a certain burrito-eating man exist. ,negative
negative,tried to download tweetdeck but it wont download ,neutral
negative,@NevadaWolf Sorry to hear about your DNF run tonight. Always a risk to get bad coords on an FTF!! ,negative
negative,@JaneBodehouse Hey there! Nope. My cuteness @HoytFortenberry is away for awhile ,neutral
negative,@alejandralei i dont think i can cause its my cousins birthday party ,neutral
negative,"bedtime, school tomorrow, and i still have no books  being broke suckssss",neutral
negative,I am listing more items on ebay to sell!  Takes forever..meanwhile Coleman is watching The Hills season premier without me.. ,neutral
negative,"@JoannaFBeckett, i don't think there's one close by. Last time I checked, the closest one was 70 miles away! ",neutral
negative,monkeys??? i just found out you my twin and you wont even write back.  i'm heartbroken,neutral
negative,@heidimontag lol I kant believe cam got beat upp sooo embarasssiiiin ,neutral
negative,no! i lost a loyal ,neutral
negative,@chordsy - why am I the last to find out about these things? Like that you're on the twitter too. ,neutral
negative,The Hoyts Distribution NZ website isn't working for me. Great. And it HAS to be like this when I need it most ,positive
negative,Opps.. As I said.. I still got one day remain and now problem come ,neutral
negative,@vivekg86 Good to hear that we have support in NetBeans. But then its NetBeans you know ,positive
negative,Also I shouldve Bern asleep an hour ago ,neutral
negative,"We've been good. I'm not liking the snow right now, was getting used to the nice Spring-like weather.  How about you?",positive
negative,@stephenkruiser that's horrible  sorryto hear that.,neutral
negative,"@stuiy never again will I click on a link that screams, &quot;I'm a spider, I'm a spider&quot;. I should have known better. yucky ",neutral
negative,Ugh....92 degrees tomorrow ,neutral
negative,"http://twitpic.com/2y36e - cant see the flowers falling  i dont have a camera, just my cellphone",neutral
negative,@nicolerichie I cried so hard when Matthew died ,neutral
negative,"aww this earthquake in Italy has made me sad  just saw the pics on the news, it's terrible.",negative
negative,Have an invite for &quot;Healthy Dining&quot; session at Ashok Hotel today with Exec Chef R.Chopra but damn workload - will have to skip it! ,neutral
negative,"Damn i am so late at filling this appraisal form, people have almost sent it .. i was so occupied in work ",neutral
negative,"one of my friend called me, and asked to meet with her at Mid Valley today...but i've no time *sigh* ",neutral
negative,Poor Joshy is sick???   those damn tejanos!,neutral
negative,omg..its jst teusday ,neutral
negative,Picked Mich St to win it all from the get go.  Was feeling pretty good about that pick all the way up until......tonight.  A's lost too ,positive
negative,@bostongarden I miss bentley ,neutral
negative,"Coming down with a cold or bad allergies. Either way, I'm miserable! ",negative
negative,@HillyDoP  oH NO,neutral
negative,"@soillodge yes, it will be. it's only Monday ",neutral
negative,@MTsiaklides aw I wish I could! I can't really speak to my yia yia because she doesn't speak english ,neutral
negative,i left my IDs at the location and now i can not go out to bars  FUCKKKKKKKKKKKKK,neutral
negative,@RumLover No! u supposed to be my date ,positive
negative,@TheLeagueSF Not Fun &amp; Furious? The new mantra for the Bay 2 Breakers? It was getting 2 rambunctious;the city overreacted &amp; clamped down ,neutral
negative,@faithgg45  this computer doesn't have shockwave...blah  no account yet,neutral
negative,@qweendassah no...he's still miss'n... ,neutral
negative,sad day: manu out for the season ,negative
negative,@chelserlynn haha its so cooooold in the d! and no  but you should still go to the show. they do some incredible stuff,neutral
negative,im sooo sad right now  i need a hug,negative
negative,Essay time.... ,neutral
negative,A bad nite for the favorite teams: Astros and Spartans lose.  The nite out with T.W. was good.,positive
negative,Time to move my posterior  and lose some fat. My articulation are creaking so no more running  but Iï¿½m drool for some swimming,neutral
negative,"My tummy hurts.  I wonder if the hypnosis has anything to do with it? If so, it's working, I get it, STOP SMOKING!!!",neutral
negative,"You know, I was thinking... I need money ",neutral
negative,day 2. a lot harder than day 1. let's see how day 3 goes tomorrow. ,neutral
negative,sad that the 'feet' of my macbook just fell off ,negative
negative,@nomadicmatt mine is 1/10  how do you get it up?,neutral
negative,wednesday my b-day n don't know what 2 do!  ,neutral
negative,@thousand_miles no ,neutral
negative,@alydesigns i was out most of the day so didn't get much done ,neutral
negative,trying to figure out this twitter thing...none of my friends are on  yet. Soo much to see.,neutral
negative,@ninjen I'm sure you're right...    I need to start working out with you and the Nikster... Or Jared at least!,neutral
negative,Emily will be glad when Mommy is done training at her new job. She misses her.  http://apps.facebook.com/dogbook/profile/view/6176014,neutral
negative,@DonnieWahlberg ooh Iï¿½m excited and not even going 2 be there  long love YOUTUBE!,positive
negative,@reannaremick doesnt work on my cell  go to sleep! =P,neutral
negative,When to the shoe repair shop and the guy could not find my shoes!  So I have to go back and see if he can find them in a couple days. ,neutral
negative,Behind on my classes for work ,neutral
negative,Fraking app store is pissing me off   http://tinyurl.com/c4ooho,negative
negative,A little sad ,negative
negative,@stephenkruiser So sorry to hear about your dog. ,negative
negative,"well the pc in my living room suffered a fatal partion lost, all my itunes library is gone.. and some docs with pics.... ",negative
negative,@hummiemd I KNOW! I was really surprised since everyone recommends them on youtube.  I have to call them tomorrow and figure it all out.,negative
negative,Of course the baby is screaming in the crib the night before my first day back at work.  So I let him cry it out? Boooo,negative
negative,wants to cry ,negative
negative,Dammit... I need to stop buying furniture ,negative
negative,@kameelahwrites &lt;33 codez....they've been MIA tho ,negative
negative,i miss kenny powers ,negative
negative,@moony394 yeah  is it bcoz kal penn is a visiting lecturer somewhere n cant be on the show anymore? im gonna miss him ,negative
negative,"@ashleyac My donkey is sensitive about such comments. Nevertheless, he'd (and me'd) be glad to see your mug asap. Charger is still awol. ",positive
negative,vacations makes me feel sick! ,negative
negative,Sorry for the next tweet... ,negative
negative,It was a sleepless night ,positive
negative,"I totally have like...  four girl options, and none of them seem viable ",negative
negative,@huntermoore I don't want him to ever punch me.  ,negative
negative,@MeLaMachinko now i feel bad for unfollowing. ,negative
negative,Just got done watching the new House episode.Definitely one of the saddest episodes ever. ,negative
negative,@JonathanRKnight Oh! Did I mention it? &quot;Gooooood Moooorniiiiiiing&quot;  from Germany! Im back in my cage....or better...my office ,positive
negative,Turtles are better than my Mac - lasts longer and moves faster ,negative
negative,i don't see the big deal with this website ,negative
negative,Any chance  Softbelly (for @MTUB) isn't loud? ,negative
negative,Can't sleep again. Face is kinda swollen. Don't let me be allergic to the thing that'll get me to Thursday. School tomorrow? Doubtful. ,negative
negative,My nap was interrupted so many times today  Going out for Japanese with the 'rents again...,negative
negative,@MyConnecticut Restaurant called WoodNTap has competitive eating tourney round tourney time. We place 2nd ,positive
negative,"@mangaaa I hope they will increase the capacity fast, yesterday was such a pain. Got the fail whale +15 times in 2 hours.... ",negative
negative,"Not feeling well again. Stupid migraine making my tummy upset.  and my whole body aches, shoot me now.",negative
negative,"Omg the hills! Then I love money2, aww I think becky buckwild goes ",positive
negative,In bed... I suddenly feel  I wish MA was here w/me... Goodnight TwitterFam,positive
negative,@Jeffree_Star Jeffree! How do you keep your hair one color? My PERMANENT dye fades within the week ,negative
negative,@JonathanRKnight I guess that's a no then. ,negative
negative,@lovebscott umm nope..think im an insomniac ..plus i got the flu...i'lll be sleepin like a phuckin fish outta water any minute now! ,negative
negative,has a huuuge headache! omg I feel like crap! ,negative
negative,@Poohpot lmao im sorry poohpot i ate it all! ,positive
negative,too worried and tired to post tonight ,negative
negative,@crummyasshole i don't like that they only had him in the first movie  cillian murphy is hot ,positive
negative,@JessDubb lmao. U may have to wait for another season to come thru. its summe boo. Hot nd dry ass weather ,negative
negative,Listening to Bjork's All is full of Love... crying ,negative
negative,Where did u move to?  I thought u were already in sd. ?? Hmmm. Random u found me. Glad to hear yer doing well.,positive
negative,"@vene2ia ...not yet unfortunately, another few weeks I've been told  How are you? I've been a little bit busy with my latest project.",positive
negative,"so rylee,grace...wana go steve's party or not?? SADLY SINCE ITS EASTER I WNT B ABLE 2 DO MUCH  BUT OHH WELL.....",negative
negative,Su yin Huen tweeted I feel unbearable guilt. I made my staff cry  http://tinyurl.com/cw2l9t,negative
negative,Grr not down to go to school today ,negative
negative,"has 0g of milky bar left, and around 200ml of coke ",negative
negative,seriously needs to finish these job applications ,negative
negative,Does anybody know how to get your electrolytes back in order? With a vitamin work? I feel sick. ,negative
negative,@birutagme yeah  it was really depressing... stuff like that gets to me,negative
negative,@nicolerichie OH MY YES!! i miss ,negative
negative,it is really cold ,negative
negative,watching old videos of dance team and such... makes me miss it  ,positive
negative,So Im done editing &quot;The Phipstape&quot;. Back 2 crack a brew and see what we got............. no trees though ,positive
negative,@kissability Me too I is poor ,negative
negative,I don't get statistics!  Its all a bunch of mumbo jumbo for me.,negative
negative,this week is not going as i had hoped ,negative
negative,some1 hacked my account on aim  now i have to make a new one,negative
negative,@clarianne @Knot2serious APRIL 9TH ISN'T COMING SOON ENOUGH ,positive
negative,spring break in plain city... it's snowing ,negative
negative,@breadandbadger Congrats!!  i totally forgot to submit photos ,positive
negative,Haha not even yo. I just didn't know how to do that @thang to you on twitter  Haha,negative
negative,@ashleyskyy but I wanted a margarita too! ,negative
negative,I need a hug ,negative
negative,is missing playing my trumpet ,negative
negative,@twista202 I think I want to read some books but the library doesn't have them ,negative
negative,ugh horrible ending to the sandra kantu story  prayers go out.,negative
negative,"Four games this fall: Modern Warfare 2, Halo 3 ODST, Brutal Legend, and Bioshock 2 I need more cash ",positive
negative,@stephenkruiser You poor spunky...its so sad...my Rotti made it to 10 and I had to go down the same path....I know how you feel ,negative
negative,jealous of my friends who got to see the new Star Trek film in Austin tonight. ,negative
negative,@jdarter Oh! Haha... dude I dont really look at em unless someone says HEY I ADDED YOU. Sorry  I'm so terrible at that. I need a pop up!,positive
negative,My throat is still really sore. I was meant to be going on a 5 day camp from Friday but not so sure now ,negative
negative,would rather the first party send bad messages than the 3rd party send mixed ones  Sophmore year all over again?,negative
negative,Crap. I need more dresses too. ,negative
negative,"@heidimontag Lauren is being stubborn. she loves you, you love her.  I feel so bad for you, though. it made me cry  lol!",negative
negative,"Funny how the little things make me homesick, criminals breakn n2 a brownstone on LawNOrd CI made me misty ",negative
negative,Think I'm going to bed. Goodniight. I hate this ,negative
negative,Mad tired today... Callin it in early tonight  nighty night twittas,negative
negative,@stephenkruiser I am so sorry to hear that!  Take care!,negative
negative,Bed. Class 8-12. Work 12-3. Gym 3-5 or 6. Then class 6-10. Another day that's gonna fly by. I miss my girlfriend ,negative
negative,I don't want to walk home in this snow. Who wants to pick me up? ,negative
negative,Just watched tropic thunder. Dreading tomorrow ,negative
negative,"I am home missing my baby  Busy week ahead Fri is a chill day with my guy and kids, Egg hunt Sat, Spiral and DMB Sat night and Easter!",positive
negative,Damm back to school tomorrow ,negative
negative,"Haven't tweeted nearly all day  Posted my website tonight, hopefully that goes well  Night time!",positive
negative,"Mo jobs, no money.  how in the hell is min wage here 4 f'n clams an hour?",negative
negative,"@alicayaba so cuuute! hey, i miss you na!  its not the same not seeing you girls everyday ",positive
negative,"@MaryBethune oh no! with everything that happened today, i forgot we were going dress shopping for the opera tomorrow. ",negative
negative,And somehow I still end up in this place ,negative
negative,"@stephenkruiser I'm so sorry to hear that.  It's always sad when we lose those close to us, as we loved them.",negative
negative,"Just been playing with the new Mobbler v0.4.0 and it adds some great new features, but won't play music on my E71, like v0.3.5 did ",negative
negative,..and of course... I have access to my Halo 3 Mythic Map Pack re-download.. but bad news.. not the Legendary Map Pack... ugh.. 600MS... ,negative
negative,I feel like a complete idiot. I'm the only one who doesn't get how this shit works  help me ,negative
negative,Car show season has started without me ,negative
negative,Logging out. I need to study.... ,negative
negative,@infinitydefines  omgawd i couldnt handle my cat being in heat all the time D: D:,positive
negative,"Wrote exactly three lines of dialogue tonight, then gave up. ",negative
negative,@B_Barnett I did not really see that coming ,negative
negative,WTF Not Kutner!  Oh I'm so pissed @ House.  I mean really WTF   ,negative
negative,why is it always the fat ones?! ,negative
negative,"Sadly though, I've never gotten to experience the post coitus cigarette before, and now I never will. ",negative
negative,"'s Kinda Bummed. An Agency Just Told Me That I Didn't Have The 'LOOK' That They Were Going For. Ladies, Please Help Me Create The 'LOOK' ",negative
negative,@stephenkruiser oh  my sympathies. it's a hard decision. i always hope my old border collie will go in her sleep. she's 14 too. *hug*,negative
negative,Wish I had all the XBLM downloads all on the gamertag 'Hitokyri'. This 5 gamertag thing is nonsense... and I'm tired of it ,negative
negative,@mattycus  *cry* ,negative
negative,"@burgaw Ooooooh! *sealclap* See, I download shitloads of zip folders off 4chan. I have no internet moneys.  FUCK YEAH ALICIA &amp; MIKEY.",positive
negative,"Photoshop, I hate it when you crash ",negative
negative,@syekr is myki really horrible? ,negative
negative,@arlenecd PLEASE TELL ME THAT'S SOMEWHERE CLOSE TO CALIFORNIA!!! LOL! ,positive
negative,"Another early morn with the Duchess, although she hadn't managed to cross her legs this time ",positive
negative,@marieclr I was serious  LOL,positive
negative,We're going to post some stories manually due to Twitterfeed problem. That's why we've been so quiet lately .... ,negative
negative,"@Snick_the_Dog If Izzy's on the cat tree, she'll stare him down, but if she's on the floor, he chases and she runs. ",negative
negative,i might break down and eat some buffalo wings tomorrow ,negative
negative,Nw more confused then ever! ,negative
negative,@nick_carter I will wait for you at fanclub chat.. even tough you're not my favorite ,positive
negative,@msdrama hey missed ya at the meeting  sup mama,positive
negative,"@sleep_til_noon I did, it was the only one left but I got tempted and ate it soon as I got home  I had a chocolate velvet &amp; ate d mocha",negative
negative,Just woke up an already have written some e-mail... I've to go early at University today as I have to teach at 8:30 AM! ,negative
negative,@Kal_Penn I am so sad  Kutner was my favorite of the new team!!,positive
negative,wheat bread from the dollar store just doesn't toast nicely  going over my taxes and calling it an early night,negative
negative,@kariajay  All this time you didn't notice I was gone...just needed DB2 is it??,negative
negative,Too much internet. How it plagues me ,negative
negative,"@jennifermf I know!  I'm a night owl by nature, hahaha Am I a time zone behind you? It's almost 1 here",positive
negative,@McCainBlogette Awwwww and you were trying to go to sleep 3 hours ago ,positive
negative,@jemcam well i have uni stuff and netball  but after netbal if i've done uni stuff we can,positive
negative,@CaitlinOConnor i want tacos and margarhitas  telll gay i say hello&lt;3,positive
negative,fuck omg  austins always there though man &lt;3 love you,positive
negative,"@heidimontag I  dvr'd it and went to watch it, apparently the dish network went down SO I MISSED IT    I will have to catch a rerun!",positive
negative,@EazyDoesIt87 NEGATIVE.. you lost my vote of confidence ,negative
negative,Listening to Q! I got a really bad headache and a drivin lesson in ten mins.... Lucky me  i just wana sleeep!  ,negative
negative,my little pinky finger hurts so much.. ,negative
negative,"im lonely  keep me company! 22 female, new york",negative
negative,i have to be out of my place in 3 days...any help i can get packing/painting/cleaning is much appreciated. oh. and RIP my wall  ,negative
negative,@chriscantore congrats! I'm totally jealous! only wish my XM was working ,negative
negative,"@dkoenigs thanks man.  I'm so very grateful.  I feel unworthy of such attention, though, because I'm in this because of myself... ",positive
negative,I am officially banning godaddy.com from my comp. My head hurts from the small print AND I wasted $10 that could've happily gone to Boba ,negative
negative,"@andywana Not sure what they are, only that they are PoS! As much as I want to, I dont think can trade away company assets sorry andy! ",negative
negative,Is pissed off that there's no ASBA's for a radio station. ,negative
negative,I'm gonna get up late tomorrow and it's 132am here. I gonna get tipsy by my lonesome. That's...that's just sad ,negative
negative,I hate when I have to call and wake people up ,negative
negative,i really hate how people diss my bands!  Trace is clearly NOT ugly!,negative
negative,Falling asleep. Just heard about that Tracy girl's body being found. How sad  My heart breaks for that family.,negative
negative,@jpfurry poor john  this is what happens when you play with fruit and a microwave! Seriously though HAVE you seen a doctor?? Xxx,negative
negative,gross i have a pimple ,negative
negative,sooo sick of the snow  ughh,negative
negative,i miss my ex soo much ,negative
negative,@mykele sayyyy whaaaa? I wasn't invited... ,negative
negative,"thinks she is getting a cold that she caught from Daddy.  Oh no, my trip would be ruined. ",negative
negative,@miss_om Aww  I know I felt like that yesterday at work ,negative
negative,@kalichosich awww poor puppy is she ok? ,negative
negative,"Aww, Sandra Cantu is found dead in a suitcase  Missing children stories never seem to go good. Poor family.",negative
negative,just finished watching the movie Prayers for Bobby. Broke my heart ,positive
negative,No phantasy star yesterday  going to work...,negative
negative,@adame ruddy money!! i like it!! still waiting here.... oh what a surprise... by state too?? hmmm....... seriously!! ,positive
negative,@jillianfish tweet something damn it!  and hang out with me please? ,negative
negative,got highly bored today scanning 24 pages for daddy. Had to do it! ,negative
negative,@corrosivecandy Ive forgotten how to snoo-snoo  I wonder if snoo-snoo and I will ever meet again...,negative
negative,ChiefDelphi is down ,negative
negative,"iLearn is down and out, great considering finals are this week... ",negative
negative,"@BatManYNG I miss my ps3, it's out of commission  Wutcha playing? Have you copped 'Blood On The Sand'?",negative
negative,"So... Tired... God I hate the new job, and only two days in ",negative
negative,I can't take this heat! It's like an oven in here. I feel sick nwo ,negative
negative,Just picked up some oats from the market to eat for breakfast with my boy @adamgoldston now time to do work at USC... late night ,negative
negative,came back from running and took a shower...why does my lower stomach still hurt after exercising? ,negative
negative,watching Fallon with mom and working on a project...school is hard ,negative
negative,they killed off a character on one of my favorite shows and now i'm upset ,negative
negative,"i dont want to believe what im reading...buu,so sad ",negative
negative,Just called Hillsong again - they said they couldn't tell me where I was on the waiting list - I don't know if it's looking so good ,negative
negative,not feeling v good abt myself ,negative
negative,My thoughts are with Sandra Cantu's family at this difficult and sad time ,positive
negative,"http://twitpic.com/2y2wr - according to my bro, our new puppy had a poo fight and was covered in poop  (picture stolen from him)",positive
negative,"Geez what a busy afternoon. Meetings, emails, meetings and email and more meetings. 6pm and the day is still going! Ah its dark and ",negative
negative,Still 3 more days until my Internet gets uncapped ,negative
negative,laying in bed with no voice.. ,negative
negative,@hellobebe I also send some updates in plurk but i upload photos on twitter!  you didnt see any of my updates on plurk? Zero? ,negative
negative,the angel is going to miss the athlete this weekend ,negative
negative,@Sara_Kate Im afraid too  ( ur reply about uni from ages ago,negative
negative,i think to much on the past. i cant change it. i deserved so much more then wat i got. ..but why am i still thinking about him  gah,negative
negative,@Brandizzzle08 yoyoyo. my internet has been rude tonight. it JUST reconnected and I'm about to go to bed. ,negative
negative,home for spring break. no one is home tho ,negative
negative,"I wanna rock a Maxi dress @ Coachella, but lacking funding ",negative
negative,@kaeeeep yeah! i know! it was horrible!!!! ugh. saddening. ,negative
negative,White trash vs us... We were outnumbered.  http://twitpic.com/2y3jp,negative
negative,is in love with scrappy and is missin him already ,negative
negative,"All my tweets are already gone, aren't they  Missed you guys tonight.",negative
negative,Why can't I sleep like her  http://twitpic.com/2y3ty,positive
negative,"@BridgetsBeaches Thank you for letting people know, but now I'm sad that the direct message I got wasn't actually from Bridget ",negative
negative,"http://twitpic.com/2y2yi - I love you, Buck. ",positive
negative,@CarVin1 lol they are some emotional ass men!! Omg all this late night eating.. Both of us are broke ,negative
negative,@misterphipps you cooked risotto without me!!??? ,negative
negative,@hellivina I miss 'em too. ,negative
negative,@RachelCmrn I don't like goodnights ,negative
negative,@heidimontag why do you put up with him!!!!!  You should listen to your mom ,negative
negative,@redvinylgirl my mom has it. I wish you the best of luck ,positive
negative,couldn't get shit done today ~ i'm so screwed ,negative
negative,Awwh babs... you look so sad underneith that shop entrance of &quot;Yesterday's Musik&quot;  O-: I like the look of the new transformer movie ,negative
negative,omg i've an economics test. and i dont know all the things i have to know and omg im gonna fail ,negative
negative,"@trishzw megafast trip, you have time during day tom/weds? Or, you going out tonight? Want to see you bad. Tried to warn you, tech fail ",negative
negative,@mandayyy ,negative
negative,is really sad and doesn't really know y!!??!!! ,negative
negative,i think my arms are sore from tennis ,negative
